,val_updated,date_,event_type
0,2018-10-09 17:01:30.662390+00:00,2018-10-09 17:01:30.662389+00:00,5
1,2018-10-09 17:01:30.687675+00:00,2018-10-09 17:01:30.687675+00:00,5
2,2018-10-09 17:03:23.952848+00:00,2018-10-09 17:03:23.952847+00:00,1
3,2018-10-09 17:05:42.327744+00:00,2018-10-09 17:05:42.327744+00:00,7
4,2018-09-24 16:36:38.177661+00:00,2018-10-09 17:06:29.708909+00:00,7
5,2018-10-09 17:07:14.365317+00:00,2018-10-09 17:07:14.365317+00:00,1
6,2018-10-09 17:07:39.524278+00:00,2018-10-09 17:07:39.524278+00:00,5
7,2018-10-09 17:11:59.166544+00:00,2018-10-09 17:11:59.166544+00:00,1
8,2018-10-09 17:14:04.493822+00:00,2018-10-09 17:14:04.493821+00:00,1
9,2018-10-09 17:14:04.497362+00:00,2018-10-09 17:14:04.497362+00:00,1
10,2018-10-09 17:14:04.498619+00:00,2018-10-09 17:14:04.498619+00:00,1
11,2018-10-09 17:14:04.499753+00:00,2018-10-09 17:14:04.499753+00:00,1
12,2018-10-09 17:14:04.501011+00:00,2018-10-09 17:14:04.501011+00:00,1
13,2018-10-09 17:14:52.648511+00:00,2018-10-09 17:14:52.648510+00:00,5
14,2018-10-09 17:15:40.574491+00:00,2018-10-09 17:15:40.574491+00:00,5
15,2018-10-09 17:16:00.729349+00:00,2018-10-09 17:16:00.729349+00:00,1
16,2018-10-09 17:16:00.733344+00:00,2018-10-09 17:16:00.733343+00:00,1
17,2018-10-09 17:16:00.734222+00:00,2018-10-09 17:16:00.734222+00:00,1
18,2018-10-09 02:07:01.199057+00:00,2018-10-09 17:17:43.902217+00:00,7
19,2018-10-09 17:20:38.640263+00:00,2018-10-09 17:20:38.640263+00:00,7
20,2018-10-09 17:20:57.858719+00:00,2018-10-09 17:20:57.858718+00:00,1
21,2018-10-09 17:21:49.249345+00:00,2018-10-09 17:21:49.249344+00:00,5
22,2018-10-09 17:21:49.255883+00:00,2018-10-09 17:21:49.255883+00:00,5
23,2018-10-09 17:21:49.262736+00:00,2018-10-09 17:21:49.262736+00:00,5
24,2018-10-09 17:21:49.269057+00:00,2018-10-09 17:21:49.269057+00:00,5
25,2018-10-09 17:22:08.381317+00:00,2018-10-09 17:22:08.381316+00:00,5
26,2018-10-09 17:24:40.929302+00:00,2018-10-09 17:24:40.929302+00:00,7
27,2018-10-09 17:27:14.454754+00:00,2018-10-09 17:27:14.454753+00:00,1
28,2018-10-09 17:27:14.455665+00:00,2018-10-09 17:27:14.455664+00:00,1
29,2018-10-09 17:27:25.861704+00:00,2018-10-09 17:27:25.861703+00:00,5
30,2018-10-09 17:27:41.440066+00:00,2018-10-09 17:27:41.440065+00:00,7
31,2018-10-09 17:29:54.145717+00:00,2018-10-09 17:29:54.145716+00:00,5
32,2018-10-09 17:29:54.159177+00:00,2018-10-09 17:29:54.159176+00:00,5
33,2018-10-09 17:29:54.165277+00:00,2018-10-09 17:29:54.165277+00:00,5
34,2018-10-09 17:29:54.171713+00:00,2018-10-09 17:29:54.171713+00:00,5
35,2018-10-09 17:30:16.234321+00:00,2018-10-09 17:30:16.234321+00:00,5
36,2018-10-09 17:30:16.241860+00:00,2018-10-09 17:30:16.241860+00:00,5
37,2018-10-09 17:32:37.230773+00:00,2018-10-09 17:32:37.230772+00:00,7
38,2018-10-09 17:35:38.336759+00:00,2018-10-09 17:35:38.336759+00:00,7
39,2018-10-09 17:37:06.660689+00:00,2018-10-09 17:37:06.660688+00:00,5
40,2018-10-09 17:37:40.765616+00:00,2018-10-09 17:37:40.765616+00:00,7
41,2018-10-09 17:37:53.717938+00:00,2018-10-09 17:37:53.717938+00:00,5
42,2018-10-09 17:38:36.601197+00:00,2018-10-09 17:38:36.601196+00:00,5
43,2018-10-09 17:38:59.538999+00:00,2018-10-09 17:38:59.538999+00:00,1
44,2018-10-09 17:38:59.542835+00:00,2018-10-09 17:38:59.542835+00:00,1
45,2018-10-09 17:39:31.724362+00:00,2018-10-09 17:39:31.724362+00:00,1
46,2018-10-09 17:39:59.942365+00:00,2018-10-09 17:39:59.942364+00:00,1
47,2018-10-09 17:39:59.943318+00:00,2018-10-09 17:39:59.943318+00:00,1
48,2018-10-09 17:41:40.093344+00:00,2018-10-09 17:41:40.093343+00:00,7
49,2018-10-09 17:43:04.894520+00:00,2018-10-09 17:43:04.894520+00:00,1
50,2018-10-09 17:43:49.461567+00:00,2018-10-09 17:43:49.461567+00:00,5
51,2018-10-09 17:43:49.467986+00:00,2018-10-09 17:43:49.467986+00:00,5
52,2018-10-09 17:44:26.597984+00:00,2018-10-09 17:44:26.597984+00:00,5
53,2018-10-09 17:44:26.605891+00:00,2018-10-09 17:44:26.605891+00:00,5
54,2018-10-09 17:45:40.561646+00:00,2018-10-09 17:45:40.561645+00:00,7
55,2018-10-09 17:46:40.951193+00:00,2018-10-09 17:46:40.951193+00:00,7
56,2018-10-09 17:46:40.999406+00:00,2018-10-09 17:46:40.999405+00:00,7
57,2018-10-09 17:47:13.830868+00:00,2018-10-09 17:47:13.830868+00:00,5
58,2018-10-09 17:47:13.849750+00:00,2018-10-09 17:47:13.849750+00:00,5
59,2018-10-09 17:47:13.857218+00:00,2018-10-09 17:47:13.857218+00:00,5
60,2018-10-09 17:47:34.746145+00:00,2018-10-09 17:47:34.746144+00:00,1
61,2018-10-09 17:47:34.747021+00:00,2018-10-09 17:47:34.747021+00:00,1
62,2018-10-09 17:48:15.677408+00:00,2018-10-09 17:48:15.677408+00:00,1
63,2018-10-09 17:50:47.260433+00:00,2018-10-09 17:50:47.260432+00:00,7
64,2018-10-09 17:51:13.256242+00:00,2018-10-09 17:51:13.256242+00:00,5
65,2018-10-09 17:51:13.263407+00:00,2018-10-09 17:51:13.263407+00:00,5
66,2018-10-09 17:51:46.395591+00:00,2018-10-09 17:51:46.395591+00:00,7
67,2018-10-09 17:51:46.487807+00:00,2018-10-09 17:51:46.487807+00:00,7
68,2018-10-09 17:52:38.671420+00:00,2018-10-09 17:52:38.671419+00:00,5
69,2018-10-09 17:52:38.677733+00:00,2018-10-09 17:52:38.677733+00:00,5
70,2018-10-09 17:52:38.683978+00:00,2018-10-09 17:52:38.683978+00:00,5
71,2018-10-09 17:52:59.324555+00:00,2018-10-09 17:52:59.324554+00:00,5
72,2018-10-09 17:54:01.568334+00:00,2018-10-09 17:54:01.568334+00:00,5
73,2018-10-09 17:54:54.527907+00:00,2018-10-09 17:54:54.527907+00:00,1
74,2018-10-09 17:55:36.735657+00:00,2018-10-09 17:55:36.735657+00:00,7
75,2018-10-09 17:57:28.174192+00:00,2018-10-09 17:57:28.174191+00:00,7
76,2018-10-09 17:57:50.364422+00:00,2018-10-09 17:57:50.364422+00:00,1
77,2018-10-09 17:57:50.365506+00:00,2018-10-09 17:57:50.365506+00:00,1
78,2018-10-09 17:57:50.366659+00:00,2018-10-09 17:57:50.366658+00:00,1
79,2018-10-09 17:57:50.368559+00:00,2018-10-09 17:57:50.368558+00:00,1
80,2018-10-09 17:57:50.370699+00:00,2018-10-09 17:57:50.370698+00:00,1
81,2018-10-09 17:58:37.862594+00:00,2018-10-09 17:58:37.862593+00:00,7
82,2018-10-09 17:58:38.855190+00:00,2018-10-09 17:58:38.855189+00:00,7
83,2018-10-09 18:02:02.943029+00:00,2018-10-09 18:02:02.943028+00:00,7
84,2018-10-09 18:02:36.126656+00:00,2018-10-09 18:02:36.126656+00:00,1
85,2018-10-09 18:03:27.854161+00:00,2018-10-09 18:03:27.854160+00:00,5
86,2018-10-09 18:03:27.923591+00:00,2018-10-09 18:03:27.923590+00:00,5
87,2018-10-09 18:03:27.931520+00:00,2018-10-09 18:03:27.931520+00:00,5
88,2018-10-09 18:03:27.939803+00:00,2018-10-09 18:03:27.939802+00:00,5
89,2018-10-09 18:03:27.947449+00:00,2018-10-09 18:03:27.947449+00:00,5
90,2018-10-09 18:03:48.318888+00:00,2018-10-09 18:03:48.318888+00:00,7
91,2018-10-09 18:04:00.103074+00:00,2018-10-09 18:04:00.103074+00:00,5
92,2018-10-09 18:04:00.110510+00:00,2018-10-09 18:04:00.110510+00:00,5
93,2018-10-09 18:04:00.117031+00:00,2018-10-09 18:04:00.117031+00:00,5
94,2018-10-09 18:04:00.123186+00:00,2018-10-09 18:04:00.123185+00:00,5
95,2018-10-09 18:04:00.130557+00:00,2018-10-09 18:04:00.130556+00:00,5
96,2018-10-09 18:05:22.752152+00:00,2018-10-09 18:05:22.752152+00:00,7
97,2018-10-09 18:05:22.853503+00:00,2018-10-09 18:05:22.853502+00:00,7
98,2018-10-09 18:07:11.733443+00:00,2018-10-09 18:07:11.733442+00:00,1
99,2018-10-09 18:07:50.484897+00:00,2018-10-09 18:07:50.484897+00:00,5
100,2018-10-09 18:07:50.492368+00:00,2018-10-09 18:07:50.492368+00:00,5
101,2018-10-09 18:08:14.336226+00:00,2018-10-09 18:08:14.336226+00:00,5
102,2018-10-09 18:08:39.225696+00:00,2018-10-09 18:08:39.225695+00:00,5
103,2018-10-09 18:08:41.390509+00:00,2018-10-09 18:08:41.390508+00:00,7
104,2018-10-09 18:10:50.966822+00:00,2018-10-09 18:10:50.966821+00:00,7
105,2018-10-09 18:11:23.631236+00:00,2018-10-09 18:11:23.631236+00:00,5
106,2018-10-09 18:11:23.642535+00:00,2018-10-09 18:11:23.642535+00:00,5
107,2018-10-09 18:11:36.929236+00:00,2018-10-09 18:11:36.929236+00:00,7
108,2018-10-09 18:12:11.800809+00:00,2018-10-09 18:12:11.800809+00:00,5
109,2018-10-09 18:13:12.948299+00:00,2018-10-09 18:13:12.948299+00:00,5
110,2018-10-09 18:14:46.787956+00:00,2018-10-09 18:14:46.787956+00:00,1
111,2018-10-09 18:16:43.434084+00:00,2018-10-09 18:16:43.434084+00:00,7
112,2018-10-09 18:17:44.188199+00:00,2018-10-09 18:17:44.188198+00:00,7
113,2018-10-09 18:18:18.098168+00:00,2018-10-09 18:18:18.098167+00:00,5
114,2018-10-09 18:18:18.105696+00:00,2018-10-09 18:18:18.105696+00:00,5
115,2018-10-09 18:18:35.792450+00:00,2018-10-09 18:18:35.792449+00:00,1
116,2018-10-09 18:18:39.915697+00:00,2018-10-09 18:18:39.915697+00:00,7
117,2018-10-09 18:18:39.964957+00:00,2018-10-09 18:18:39.964956+00:00,7
118,2018-10-04 19:41:28.153263+00:00,2018-10-09 18:18:58.738281+00:00,7
119,2018-10-09 18:19:04.353698+00:00,2018-10-09 18:19:04.353698+00:00,1
120,2018-10-09 18:19:20.210704+00:00,2018-10-09 18:19:20.210703+00:00,5
121,2018-10-09 18:19:20.223374+00:00,2018-10-09 18:19:20.223373+00:00,5
122,2018-10-09 18:19:20.237888+00:00,2018-10-09 18:19:20.237888+00:00,5
123,2018-10-09 18:19:20.251141+00:00,2018-10-09 18:19:20.251140+00:00,5
124,2018-10-09 18:19:20.262748+00:00,2018-10-09 18:19:20.262748+00:00,5
125,2018-10-09 18:19:20.272305+00:00,2018-10-09 18:19:20.272305+00:00,5
126,2018-10-09 18:21:06.596848+00:00,2018-10-09 18:21:06.596847+00:00,5
127,2018-10-09 18:22:40.057770+00:00,2018-10-09 18:22:40.057769+00:00,7
128,2018-10-09 18:23:10.375099+00:00,2018-10-09 18:23:10.375099+00:00,5
129,2018-10-09 18:25:55.347009+00:00,2018-10-09 18:25:55.347009+00:00,5
130,2018-10-09 18:31:55.867704+00:00,2018-10-09 18:31:55.867703+00:00,7
131,2018-10-09 18:32:41.052020+00:00,2018-10-09 18:32:41.052020+00:00,5
132,2018-10-09 18:32:41.060718+00:00,2018-10-09 18:32:41.060718+00:00,5
133,2018-10-09 18:32:41.067084+00:00,2018-10-09 18:32:41.067083+00:00,5
134,2018-10-09 18:32:41.088747+00:00,2018-10-09 18:32:41.088746+00:00,5
135,2018-10-09 18:32:41.094903+00:00,2018-10-09 18:32:41.094902+00:00,5
136,2018-10-09 18:32:41.101020+00:00,2018-10-09 18:32:41.101020+00:00,5
137,2018-10-09 18:32:41.107591+00:00,2018-10-09 18:32:41.107591+00:00,5
138,2018-10-09 18:32:41.113701+00:00,2018-10-09 18:32:41.113700+00:00,5
139,2018-10-09 18:32:44.346105+00:00,2018-10-09 18:32:44.346105+00:00,7
140,2018-10-09 18:34:10.746376+00:00,2018-10-09 18:34:10.746376+00:00,5
141,2018-10-09 18:35:43.486206+00:00,2018-10-09 18:35:43.486205+00:00,7
142,2018-10-09 18:35:43.580466+00:00,2018-10-09 18:35:43.580465+00:00,7
143,2018-10-09 18:36:43.301255+00:00,2018-10-09 18:36:43.301254+00:00,7
144,2018-10-09 18:37:30.098985+00:00,2018-10-09 18:37:30.098985+00:00,5
145,2018-10-09 18:37:43.457256+00:00,2018-10-09 18:37:43.457255+00:00,1
146,2018-10-09 18:38:41.817545+00:00,2018-10-09 18:38:41.817545+00:00,7
147,2018-10-09 18:39:37.451654+00:00,2018-10-09 18:39:37.451653+00:00,7
148,2018-10-09 18:39:37.505704+00:00,2018-10-09 18:39:37.505703+00:00,7
149,2018-10-09 18:40:55.755624+00:00,2018-10-09 18:40:55.755624+00:00,5
150,2018-10-09 18:40:55.841445+00:00,2018-10-09 18:40:55.841444+00:00,5
151,2018-10-09 18:40:55.874994+00:00,2018-10-09 18:40:55.874994+00:00,5
152,2018-10-09 18:41:52.471242+00:00,2018-10-09 18:41:52.471242+00:00,5
153,2018-10-09 18:41:52.484883+00:00,2018-10-09 18:41:52.484883+00:00,5
154,2018-10-09 18:42:16.462471+00:00,2018-10-09 18:42:16.462471+00:00,5
155,2018-10-09 18:46:25.685669+00:00,2018-10-09 18:46:25.685669+00:00,5
156,2018-10-09 18:46:25.693162+00:00,2018-10-09 18:46:25.693162+00:00,5
157,2018-10-09 18:46:25.699190+00:00,2018-10-09 18:46:25.699189+00:00,5
158,2018-10-09 18:46:25.705797+00:00,2018-10-09 18:46:25.705797+00:00,5
159,2018-10-09 18:47:40.653991+00:00,2018-10-09 18:47:40.653990+00:00,5
160,2018-10-09 18:50:36.375102+00:00,2018-10-09 18:50:36.375102+00:00,7
161,2018-10-09 18:51:46.812049+00:00,2018-10-09 18:51:46.812048+00:00,1
162,2018-10-09 18:52:36.043356+00:00,2018-10-09 18:52:36.043356+00:00,5
163,2018-10-09 18:52:37.030545+00:00,2018-10-09 18:52:37.030545+00:00,7
164,2018-10-09 18:52:48.871293+00:00,2018-10-09 18:52:48.871292+00:00,1
165,2018-10-09 18:52:48.873302+00:00,2018-10-09 18:52:48.873302+00:00,1
166,2018-10-09 18:53:35.622738+00:00,2018-10-09 18:53:35.622737+00:00,7
167,2018-10-09 18:53:35.651801+00:00,2018-10-09 18:53:35.651801+00:00,5
168,2018-10-09 18:53:35.687560+00:00,2018-10-09 18:53:35.687559+00:00,5
169,2018-10-09 18:53:35.698174+00:00,2018-10-09 18:53:35.698173+00:00,5
170,2018-10-09 18:53:58.203285+00:00,2018-10-09 18:53:58.203284+00:00,1
171,2018-10-09 18:53:58.204833+00:00,2018-10-09 18:53:58.204832+00:00,1
172,2018-10-09 18:53:58.207142+00:00,2018-10-09 18:53:58.207142+00:00,1
173,2018-10-09 18:53:58.208843+00:00,2018-10-09 18:53:58.208843+00:00,1
174,2018-10-09 18:53:58.209955+00:00,2018-10-09 18:53:58.209955+00:00,1
175,2018-10-09 18:53:58.210816+00:00,2018-10-09 18:53:58.210816+00:00,1
176,2018-10-09 18:57:36.179545+00:00,2018-10-09 18:57:36.179545+00:00,1
177,2018-10-09 18:58:01.016390+00:00,2018-10-09 18:58:01.016390+00:00,1
178,2018-10-09 18:58:16.889982+00:00,2018-10-09 18:58:16.889982+00:00,1
179,2018-10-09 20:02:32.369169+00:00,2018-10-09 20:02:32.369169+00:00,1
180,2018-10-09 20:02:35.739983+00:00,2018-10-09 20:02:35.739983+00:00,7
181,2018-10-09 20:03:49.694579+00:00,2018-10-09 20:03:49.694578+00:00,5
182,2018-10-09 20:03:49.702332+00:00,2018-10-09 20:03:49.702332+00:00,5
183,2018-10-09 20:03:49.710167+00:00,2018-10-09 20:03:49.710167+00:00,5
184,2018-10-09 20:04:44.654941+00:00,2018-10-09 20:04:44.654940+00:00,7
185,2018-10-09 20:07:50.764893+00:00,2018-10-09 20:07:50.764892+00:00,7
186,2018-10-09 20:08:03.497861+00:00,2018-10-09 20:08:03.497860+00:00,5
187,2018-10-09 20:08:04.442607+00:00,2018-10-09 20:08:04.442606+00:00,7
188,2018-10-09 20:10:08.815657+00:00,2018-10-09 20:10:08.815657+00:00,5
189,2018-10-09 20:10:59.934742+00:00,2018-10-09 20:10:59.934742+00:00,5
190,2018-10-09 20:10:59.943728+00:00,2018-10-09 20:10:59.943728+00:00,5
191,2018-10-09 20:11:59.623792+00:00,2018-10-09 20:11:59.623791+00:00,1
192,2018-10-09 20:17:45.396223+00:00,2018-10-09 20:17:45.396222+00:00,5
193,2018-10-09 20:20:36.917688+00:00,2018-10-09 20:20:36.917687+00:00,7
194,2018-10-09 20:20:36.999244+00:00,2018-10-09 20:20:36.999243+00:00,7
195,2018-10-09 20:21:42.350315+00:00,2018-10-09 20:21:42.350314+00:00,7
196,2018-10-09 20:22:20.396127+00:00,2018-10-09 20:22:20.396127+00:00,5
197,2018-10-09 20:22:46.439075+00:00,2018-10-09 20:22:46.439075+00:00,1
198,2018-10-09 20:23:59.795944+00:00,2018-10-09 20:23:59.795944+00:00,5
199,2018-10-09 20:23:59.804288+00:00,2018-10-09 20:23:59.804288+00:00,5
200,2018-10-09 20:23:59.811124+00:00,2018-10-09 20:23:59.811123+00:00,5
201,2018-10-09 20:23:59.819043+00:00,2018-10-09 20:23:59.819043+00:00,5
202,2018-10-09 20:25:47.155611+00:00,2018-10-09 20:25:47.155610+00:00,7
203,2018-10-09 20:28:41.399265+00:00,2018-10-09 20:28:41.399265+00:00,7
204,2018-10-09 20:29:45.830785+00:00,2018-10-09 20:29:45.830785+00:00,5
205,2018-10-09 20:30:56.574747+00:00,2018-10-09 20:30:56.574746+00:00,7
206,2018-10-09 20:31:07.208652+00:00,2018-10-09 20:31:07.208652+00:00,5
207,2018-10-09 20:31:40.136044+00:00,2018-10-09 20:31:40.136043+00:00,5
208,2018-10-09 20:31:40.155188+00:00,2018-10-09 20:31:40.155188+00:00,5
209,2018-10-09 20:31:40.161438+00:00,2018-10-09 20:31:40.161438+00:00,5
210,2018-10-09 20:31:42.536053+00:00,2018-10-09 20:31:42.536052+00:00,7
211,2018-10-09 20:33:43.668699+00:00,2018-10-09 20:33:43.668699+00:00,7
212,2018-10-09 20:33:53.110780+00:00,2018-10-09 20:33:53.110780+00:00,1
213,2018-10-09 20:34:35.965556+00:00,2018-10-09 20:34:35.965556+00:00,7
214,2018-10-09 20:35:43.368962+00:00,2018-10-09 20:35:43.368961+00:00,5
215,2018-10-09 20:35:45.955588+00:00,2018-10-09 20:35:45.955587+00:00,7
216,2018-10-09 20:35:46.014908+00:00,2018-10-09 20:35:46.014907+00:00,7
217,2018-10-09 20:36:48.019322+00:00,2018-10-09 20:36:48.019322+00:00,7
218,2018-10-09 20:36:51.632107+00:00,2018-10-09 20:36:51.632107+00:00,5
219,2018-10-09 20:37:41.919871+00:00,2018-10-09 20:37:41.919870+00:00,7
220,2018-10-09 20:37:41.994869+00:00,2018-10-09 20:37:41.994869+00:00,7
221,2018-10-09 20:38:02.095554+00:00,2018-10-09 20:38:02.095554+00:00,5
222,2018-10-09 20:38:02.101978+00:00,2018-10-09 20:38:02.101978+00:00,5
223,2018-10-09 20:38:45.322883+00:00,2018-10-09 20:38:45.322883+00:00,5
224,2018-10-09 20:38:45.330649+00:00,2018-10-09 20:38:45.330649+00:00,5
225,2018-10-09 20:39:12.691537+00:00,2018-10-09 20:39:12.691537+00:00,1
226,2018-10-09 20:39:45.942828+00:00,2018-10-09 20:39:45.942827+00:00,5
227,2018-10-09 20:40:43.792367+00:00,2018-10-09 20:40:43.792366+00:00,7
228,2018-10-09 20:40:43.889076+00:00,2018-10-09 20:40:43.889075+00:00,7
229,2018-10-09 20:41:41.040478+00:00,2018-10-09 20:41:41.040478+00:00,5
230,2018-10-09 20:43:12.548642+00:00,2018-10-09 20:43:12.548641+00:00,1
231,2018-10-09 20:44:31.074551+00:00,2018-10-09 20:44:31.074551+00:00,1
232,2018-10-09 20:44:31.076546+00:00,2018-10-09 20:44:31.076546+00:00,1
233,2018-10-09 20:44:31.077489+00:00,2018-10-09 20:44:31.077489+00:00,1
234,2018-10-09 20:44:31.078461+00:00,2018-10-09 20:44:31.078461+00:00,1
235,2018-10-09 20:44:31.079396+00:00,2018-10-09 20:44:31.079395+00:00,1
236,2018-10-09 20:44:37.364448+00:00,2018-10-09 20:44:37.364448+00:00,7
237,2018-10-09 20:44:49.610481+00:00,2018-10-09 20:44:49.610481+00:00,5
238,2018-10-09 20:44:49.662168+00:00,2018-10-09 20:44:49.662168+00:00,5
239,2018-10-09 20:44:49.670490+00:00,2018-10-09 20:44:49.670489+00:00,5
240,2018-10-09 20:44:49.678867+00:00,2018-10-09 20:44:49.678866+00:00,5
241,2018-10-09 20:44:57.224790+00:00,2018-10-09 20:44:57.224790+00:00,5
242,2018-10-09 20:45:18.586428+00:00,2018-10-09 20:45:18.586428+00:00,1
243,2018-10-09 20:45:18.587608+00:00,2018-10-09 20:45:18.587607+00:00,1
244,2018-10-09 20:45:51.318100+00:00,2018-10-09 20:45:51.318099+00:00,5
245,2018-10-09 20:45:51.324430+00:00,2018-10-09 20:45:51.324430+00:00,5
246,2018-10-09 20:46:38.208713+00:00,2018-10-09 20:46:38.208713+00:00,7
247,2018-10-09 20:46:43.129463+00:00,2018-10-09 20:46:43.129462+00:00,5
248,2018-10-09 20:47:43.789472+00:00,2018-10-09 20:47:43.789472+00:00,1
249,2018-10-09 20:47:43.791261+00:00,2018-10-09 20:47:43.791260+00:00,1
250,2018-10-09 20:48:32.643887+00:00,2018-10-09 20:48:32.643887+00:00,1
251,2018-10-09 20:48:32.645090+00:00,2018-10-09 20:48:32.645090+00:00,1
252,2018-10-09 20:48:32.646508+00:00,2018-10-09 20:48:32.646507+00:00,1
253,2018-10-09 20:48:38.198086+00:00,2018-10-09 20:48:38.198085+00:00,7
254,2018-10-09 20:48:43.382794+00:00,2018-10-09 20:48:43.382793+00:00,5
255,2018-10-09 20:49:36.734014+00:00,2018-10-09 20:49:36.734014+00:00,7
256,2018-10-09 18:53:35.622738+00:00,2018-10-09 20:50:39.496607+00:00,7
257,2018-10-09 20:51:12.293383+00:00,2018-10-09 20:51:12.293383+00:00,1
258,2018-10-09 20:51:29.001596+00:00,2018-10-09 20:51:29.001596+00:00,1
259,2018-10-09 20:51:29.005299+00:00,2018-10-09 20:51:29.005299+00:00,1
260,2018-10-09 20:51:50.749513+00:00,2018-10-09 20:51:50.749513+00:00,5
261,2018-10-09 20:51:50.757309+00:00,2018-10-09 20:51:50.757309+00:00,5
262,2018-10-09 19:41:39.281306+00:00,2018-10-09 20:52:32.671154+00:00,7
263,2018-10-09 20:52:39.068995+00:00,2018-10-09 20:52:39.068995+00:00,7
264,2018-10-09 20:52:57.728063+00:00,2018-10-09 20:52:57.728063+00:00,5
265,2018-10-09 20:52:57.735655+00:00,2018-10-09 20:52:57.735655+00:00,5
266,2018-10-09 20:53:45.375012+00:00,2018-10-09 20:53:45.375012+00:00,5
267,2018-10-09 20:58:40.619835+00:00,2018-10-09 20:58:40.619835+00:00,7
268,2018-10-09 20:58:45.327153+00:00,2018-10-09 20:58:45.327152+00:00,1
269,2018-10-09 20:58:45.328238+00:00,2018-10-09 20:58:45.328238+00:00,1
270,2018-10-09 21:01:31.982834+00:00,2018-10-09 21:01:31.982833+00:00,7
271,2018-10-09 21:02:05.443787+00:00,2018-10-09 21:02:05.443787+00:00,1
272,2018-10-09 21:02:41.304411+00:00,2018-10-09 21:02:41.304411+00:00,7
273,2018-10-09 21:02:44.454497+00:00,2018-10-09 21:02:44.454496+00:00,5
274,2018-10-08 18:20:29.037788+00:00,2018-10-09 21:05:02.208000+00:00,7
275,2018-10-09 21:06:13.045703+00:00,2018-10-09 21:06:13.045703+00:00,5
276,2018-10-09 21:07:59.971696+00:00,2018-10-09 21:07:59.971695+00:00,7
277,2018-10-09 21:08:06.045437+00:00,2018-10-09 21:08:06.045436+00:00,1
278,2018-10-09 21:08:37.484493+00:00,2018-10-09 21:08:37.484492+00:00,5
279,2018-10-09 21:08:54.566363+00:00,2018-10-09 21:08:54.566362+00:00,7
280,2018-10-09 21:08:57.736384+00:00,2018-10-09 21:08:57.736384+00:00,1
281,2018-10-09 21:10:39.886432+00:00,2018-10-09 21:10:39.886431+00:00,7
282,2018-10-09 21:11:38.394585+00:00,2018-10-09 21:11:38.394585+00:00,7
283,2018-10-09 21:12:39.469737+00:00,2018-10-09 21:12:39.469736+00:00,7
284,2018-10-09 21:12:52.133357+00:00,2018-10-09 21:12:52.133356+00:00,5
285,2018-10-09 21:12:57.423418+00:00,2018-10-09 21:12:57.423418+00:00,1
286,2018-10-09 21:12:57.425368+00:00,2018-10-09 21:12:57.425367+00:00,1
287,2018-10-09 21:13:27.438791+00:00,2018-10-09 21:13:27.438790+00:00,1
288,2018-10-09 21:13:39.977408+00:00,2018-10-09 21:13:39.977408+00:00,7
289,2018-10-09 21:13:44.379038+00:00,2018-10-09 21:13:44.379037+00:00,5
290,2018-10-09 21:13:44.390796+00:00,2018-10-09 21:13:44.390795+00:00,5
291,2018-10-09 21:13:44.397160+00:00,2018-10-09 21:13:44.397160+00:00,5
292,2018-10-09 21:14:37.741310+00:00,2018-10-09 21:14:37.741310+00:00,1
293,2018-10-09 21:18:22.512047+00:00,2018-10-09 21:18:22.512046+00:00,1
294,2018-10-09 21:18:22.513134+00:00,2018-10-09 21:18:22.513133+00:00,1
295,2018-10-09 21:18:38.973907+00:00,2018-10-09 21:18:38.973907+00:00,7
296,2018-10-09 21:18:39.015698+00:00,2018-10-09 21:18:39.015698+00:00,7
297,2018-10-09 21:19:56.820352+00:00,2018-10-09 21:19:56.820351+00:00,5
298,2018-10-09 21:19:56.829521+00:00,2018-10-09 21:19:56.829521+00:00,5
299,2018-10-09 21:20:43.263453+00:00,2018-10-09 21:20:43.263453+00:00,5
300,2018-10-09 21:20:43.755416+00:00,2018-10-09 21:20:43.755415+00:00,5
301,2018-10-09 21:22:22.704707+00:00,2018-10-09 21:22:22.704707+00:00,1
302,2018-10-09 21:24:36.181925+00:00,2018-10-09 21:24:36.181925+00:00,7
303,2018-09-13 23:34:03.598820+00:00,2018-10-09 21:25:19.490377+00:00,5
304,2018-10-09 21:25:37.875981+00:00,2018-10-09 21:25:37.875980+00:00,7
305,2018-10-09 21:25:37.962887+00:00,2018-10-09 21:25:37.962886+00:00,7
306,2018-10-09 21:25:42.574243+00:00,2018-10-09 21:25:42.574242+00:00,5
307,2018-10-09 17:46:40.951193+00:00,2018-10-09 21:25:56.332355+00:00,7
308,2018-10-09 21:26:30.909715+00:00,2018-10-09 21:26:30.909715+00:00,1
309,2018-10-09 21:26:43.024672+00:00,2018-10-09 21:26:43.024671+00:00,7
310,2018-10-09 21:27:36.462832+00:00,2018-10-09 21:27:36.462831+00:00,5
311,2018-10-09 21:27:36.470149+00:00,2018-10-09 21:27:36.470149+00:00,5
312,2018-10-09 21:27:48.641596+00:00,2018-10-09 21:27:48.641596+00:00,5
313,2018-10-09 21:27:55.790394+00:00,2018-10-09 21:27:55.790393+00:00,1
314,2018-10-09 21:29:33.233900+00:00,2018-10-09 21:29:33.233900+00:00,7
315,2018-10-09 21:30:40.115317+00:00,2018-10-09 21:30:40.115316+00:00,7
316,2018-10-09 21:31:36.140425+00:00,2018-10-09 21:31:36.140424+00:00,7
317,2018-10-09 21:31:40.973681+00:00,2018-10-09 21:31:40.973680+00:00,5
318,2018-10-09 21:32:43.786171+00:00,2018-10-09 21:32:43.786171+00:00,5
319,2018-10-09 21:33:53.734770+00:00,2018-10-09 21:33:53.734769+00:00,5
320,2018-10-09 21:33:53.747353+00:00,2018-10-09 21:33:53.747352+00:00,5
321,2018-10-09 21:35:38.133203+00:00,2018-10-09 21:35:38.133203+00:00,1
322,2018-10-09 21:36:04.765704+00:00,2018-10-09 21:36:04.765703+00:00,5
323,2018-10-09 21:36:32.688292+00:00,2018-10-09 21:36:32.688292+00:00,1
324,2018-10-09 21:41:40.875333+00:00,2018-10-09 21:41:40.875333+00:00,5
325,2018-10-09 21:41:40.882145+00:00,2018-10-09 21:41:40.882145+00:00,5
326,2018-10-09 21:41:40.996031+00:00,2018-10-09 21:41:40.996030+00:00,7
327,2018-10-09 21:47:46.496878+00:00,2018-10-09 21:47:46.496878+00:00,1
328,2018-10-09 21:47:47.031433+00:00,2018-10-09 21:47:47.031433+00:00,5
329,2018-10-09 21:47:47.045802+00:00,2018-10-09 21:47:47.045801+00:00,5
330,2018-10-09 21:48:41.524713+00:00,2018-10-09 21:48:41.524713+00:00,5
331,2018-10-09 21:53:38.634235+00:00,2018-10-09 21:53:38.634235+00:00,7
332,2018-10-09 21:54:51.816979+00:00,2018-10-09 21:54:51.816979+00:00,5
333,2018-10-09 21:54:51.823270+00:00,2018-10-09 21:54:51.823270+00:00,5
334,2018-10-09 21:54:51.830964+00:00,2018-10-09 21:54:51.830963+00:00,5
335,2018-10-09 21:54:51.837498+00:00,2018-10-09 21:54:51.837498+00:00,5
336,2018-10-09 21:55:44.839291+00:00,2018-10-09 21:55:44.839290+00:00,5
337,2018-10-09 21:56:38.865070+00:00,2018-10-09 21:56:38.865069+00:00,7
338,2018-10-09 21:58:35.901084+00:00,2018-10-09 21:58:35.901084+00:00,7
339,2018-10-09 16:26:02.148905+00:00,2018-10-09 21:58:35.988811+00:00,5
340,2018-10-04 15:40:11.607195+00:00,2018-10-09 21:59:45.056665+00:00,5
341,2018-10-09 16:23:38.606188+00:00,2018-10-09 22:00:02.074419+00:00,7
342,2018-10-09 22:01:51.846251+00:00,2018-10-09 22:01:51.846250+00:00,5
343,2018-10-09 22:03:44.920547+00:00,2018-10-09 22:03:44.920547+00:00,5
344,2018-10-09 22:03:44.929552+00:00,2018-10-09 22:03:44.929551+00:00,5
345,2018-10-09 22:03:44.938353+00:00,2018-10-09 22:03:44.938352+00:00,5
346,2018-10-09 22:03:44.947521+00:00,2018-10-09 22:03:44.947520+00:00,5
347,2018-10-09 22:03:44.958770+00:00,2018-10-09 22:03:44.958770+00:00,5
348,2018-10-09 22:03:44.968890+00:00,2018-10-09 22:03:44.968889+00:00,5
349,2018-10-09 22:09:26.736371+00:00,2018-10-09 22:09:26.736371+00:00,1
350,2018-10-09 22:09:37.340454+00:00,2018-10-09 22:09:37.340453+00:00,5
351,2018-10-09 22:09:37.347119+00:00,2018-10-09 22:09:37.347119+00:00,5
352,2018-10-09 22:09:37.353540+00:00,2018-10-09 22:09:37.353540+00:00,5
353,2018-10-09 22:10:28.764037+00:00,2018-10-09 22:10:28.764037+00:00,1
354,2018-10-09 22:10:28.765495+00:00,2018-10-09 22:10:28.765494+00:00,1
355,2018-10-09 22:10:29.828350+00:00,2018-10-09 22:10:29.828349+00:00,5
356,2018-10-09 22:10:29.835994+00:00,2018-10-09 22:10:29.835993+00:00,5
357,2018-10-09 22:10:59.785352+00:00,2018-10-09 22:10:59.785351+00:00,7
358,2018-10-09 22:12:30.649281+00:00,2018-10-09 22:12:30.649280+00:00,1
359,2018-10-09 22:12:30.650415+00:00,2018-10-09 22:12:30.650415+00:00,1
360,2018-10-09 22:12:30.651576+00:00,2018-10-09 22:12:30.651575+00:00,1
361,2018-10-09 22:12:30.652638+00:00,2018-10-09 22:12:30.652637+00:00,1
362,2018-10-09 22:12:35.431827+00:00,2018-10-09 22:12:35.431826+00:00,7
363,2018-10-09 22:13:36.658453+00:00,2018-10-09 22:13:36.658453+00:00,7
364,2018-10-09 22:14:26.592699+00:00,2018-10-09 22:14:26.592699+00:00,1
365,2018-10-09 22:14:26.594292+00:00,2018-10-09 22:14:26.594292+00:00,1
366,2018-10-09 22:14:26.595171+00:00,2018-10-09 22:14:26.595171+00:00,1
367,2018-10-09 22:16:09.610968+00:00,2018-10-09 22:16:09.610968+00:00,5
368,2018-10-09 22:16:09.618495+00:00,2018-10-09 22:16:09.618495+00:00,5
369,2018-10-09 22:16:09.625120+00:00,2018-10-09 22:16:09.625119+00:00,5
370,2018-10-09 22:16:09.633550+00:00,2018-10-09 22:16:09.633550+00:00,5
371,2018-10-09 22:16:31.748593+00:00,2018-10-09 22:16:31.748592+00:00,1
372,2018-10-09 22:16:31.751005+00:00,2018-10-09 22:16:31.751005+00:00,1
373,2018-10-09 22:16:31.751930+00:00,2018-10-09 22:16:31.751930+00:00,1
374,2018-10-09 22:16:31.752891+00:00,2018-10-09 22:16:31.752891+00:00,1
375,2018-10-09 22:17:40.287202+00:00,2018-10-09 22:17:40.287201+00:00,7
376,2018-10-09 22:19:39.999511+00:00,2018-10-09 22:19:39.999510+00:00,7
377,2018-10-09 22:19:40.056384+00:00,2018-10-09 22:19:40.056383+00:00,7
378,2018-10-09 22:21:05.769105+00:00,2018-10-09 22:21:05.769105+00:00,5
379,2018-10-09 22:23:37.971394+00:00,2018-10-09 22:23:37.971394+00:00,5
380,2018-10-09 22:23:37.979126+00:00,2018-10-09 22:23:37.979126+00:00,5
381,2018-10-09 22:24:16.789484+00:00,2018-10-09 22:24:16.789483+00:00,1
382,2018-10-09 22:24:16.790908+00:00,2018-10-09 22:24:16.790907+00:00,1
383,2018-10-09 22:24:16.792082+00:00,2018-10-09 22:24:16.792081+00:00,1
384,2018-10-09 22:25:49.315382+00:00,2018-10-09 22:25:49.315382+00:00,7
385,2018-10-09 22:26:26.077280+00:00,2018-10-09 22:26:26.077280+00:00,1
386,2018-10-09 22:26:26.078432+00:00,2018-10-09 22:26:26.078432+00:00,1
387,2018-10-09 22:26:26.080985+00:00,2018-10-09 22:26:26.080985+00:00,1
388,2018-10-09 22:27:41.676564+00:00,2018-10-09 22:27:41.676563+00:00,1
389,2018-10-09 22:30:11.256587+00:00,2018-10-09 22:30:11.256586+00:00,1
390,2018-10-09 22:30:42.376152+00:00,2018-10-09 22:30:42.376152+00:00,7
391,2018-10-09 22:31:26.008703+00:00,2018-10-09 22:31:26.008702+00:00,5
392,2018-10-09 22:31:26.016387+00:00,2018-10-09 22:31:26.016387+00:00,5
393,2018-10-09 22:31:26.023955+00:00,2018-10-09 22:31:26.023955+00:00,5
394,2018-10-09 22:34:10.141088+00:00,2018-10-09 22:34:10.141087+00:00,1
395,2018-10-09 22:35:39.796146+00:00,2018-10-09 22:35:39.796145+00:00,7
396,2018-10-09 22:36:16.349133+00:00,2018-10-09 22:36:16.349133+00:00,5
397,2018-10-09 22:36:16.355759+00:00,2018-10-09 22:36:16.355758+00:00,5
398,2018-10-09 22:37:12.360744+00:00,2018-10-09 22:37:12.360744+00:00,5
399,2018-10-09 22:37:12.367542+00:00,2018-10-09 22:37:12.367542+00:00,5
400,2018-10-09 22:37:12.388417+00:00,2018-10-09 22:37:12.388417+00:00,5
401,2018-10-09 22:37:12.394643+00:00,2018-10-09 22:37:12.394643+00:00,5
402,2018-10-09 22:37:12.400561+00:00,2018-10-09 22:37:12.400560+00:00,5
403,2018-10-09 22:37:12.406603+00:00,2018-10-09 22:37:12.406603+00:00,5
404,2018-10-09 17:58:38.855190+00:00,2018-10-09 22:41:39.466464+00:00,7
405,2018-10-09 22:42:42.541730+00:00,2018-10-09 22:42:42.541729+00:00,7
406,2018-10-09 20:08:03.497861+00:00,2018-10-09 22:44:44.493495+00:00,5
407,2018-10-09 22:45:10.137542+00:00,2018-10-09 22:45:10.137541+00:00,5
408,2018-10-09 22:45:10.149212+00:00,2018-10-09 22:45:10.149211+00:00,5
409,2018-10-09 22:45:10.162983+00:00,2018-10-09 22:45:10.162983+00:00,5
410,2018-10-08 22:20:58.652262+00:00,2018-10-09 22:46:00.235567+00:00,5
411,2018-10-09 22:48:38.321090+00:00,2018-10-09 22:48:38.321090+00:00,7
412,2018-10-09 22:49:40.702912+00:00,2018-10-09 22:49:40.702912+00:00,7
413,2018-10-09 22:51:29.796111+00:00,2018-10-09 22:51:29.796111+00:00,1
414,2018-10-09 22:51:52.978785+00:00,2018-10-09 22:51:52.978784+00:00,5
415,2018-10-09 22:51:52.986393+00:00,2018-10-09 22:51:52.986393+00:00,5
416,2018-10-09 22:51:52.993447+00:00,2018-10-09 22:51:52.993447+00:00,5
417,2018-10-09 22:51:53.002433+00:00,2018-10-09 22:51:53.002432+00:00,5
418,2018-10-09 22:52:10.126946+00:00,2018-10-09 22:52:10.126946+00:00,5
419,2018-10-09 22:53:35.778217+00:00,2018-10-09 22:53:35.778217+00:00,7
420,2018-10-09 22:56:08.515071+00:00,2018-10-09 22:56:08.515071+00:00,5
421,2018-10-09 22:58:16.318909+00:00,2018-10-09 22:58:16.318908+00:00,5
422,2018-10-09 22:58:16.331046+00:00,2018-10-09 22:58:16.331046+00:00,5
423,2018-10-09 22:58:16.341653+00:00,2018-10-09 22:58:16.341653+00:00,5
424,2018-10-09 22:59:09.921280+00:00,2018-10-09 22:59:09.921279+00:00,5
